{"cameraMode":{"drawMode":0,"name":"Shaded","section":"Shading Mode"},"sceneLighting":true,"audioPlay":false,"sceneViewState":{"showFog":true,"showMaterialUpdate":false,"showSkybox":true,"showFlares":true,"showImageEffects":true,"showParticleSystems":true},"in2DMode":false,"pivot":{"x":565.5634765625,"y":170.95492553710938,"z":127.00604248046875},"rotation":{"x":-0.24616405367851258,"y":-0.06593183428049088,"z":0.016786742955446245,"w":-0.9668404459953308},"size":828.4849243164063,"orthographic":false}