{"cameraMode":{"drawMode":0,"name":"Shaded","section":"Shading Mode"},"sceneLighting":true,"audioPlay":false,"sceneViewState":{"showFog":true,"showMaterialUpdate":false,"showSkybox":true,"showFlares":true,"showImageEffects":true,"showParticleSystems":true},"in2DMode":false,"pivot":{"x":127.11128997802735,"y":63.74604034423828,"z":-43.591156005859378},"rotation":{"x":-0.3397100865840912,"y":0.1716136485338211,"z":-0.06319121271371842,"w":-0.9225839376449585},"size":58.74845886230469,"orthographic":false}