{"cameraMode":{"drawMode":0,"name":"Shaded","section":"Shading Mode"},"sceneLighting":true,"audioPlay":false,"sceneViewState":{"showFog":true,"showMaterialUpdate":false,"showSkybox":true,"showFlares":true,"showImageEffects":true,"showParticleSystems":true},"in2DMode":false,"pivot":{"x":51.09200668334961,"y":-53.982521057128909,"z":96.70217895507813},"rotation":{"x":-0.44196224212646487,"y":-0.0703703910112381,"z":0.0348045714199543,"w":-0.89359450340271},"size":211.6586151123047,"orthographic":false}