{"cameraMode":{"drawMode":0,"name":"Shaded","section":"Shading Mode"},"sceneLighting":true,"audioPlay":false,"sceneViewState":{"showFog":true,"showMaterialUpdate":false,"showSkybox":true,"showFlares":true,"showImageEffects":true,"showParticleSystems":true},"in2DMode":false,"pivot":{"x":543.8969116210938,"y":268.2437744140625,"z":-58.690643310546878},"rotation":{"x":-0.10210743546485901,"y":0.02148246392607689,"z":-0.0022055990993976595,"w":-0.9945388436317444},"size":618.7431640625,"orthographic":false}