{"cameraMode":{"drawMode":0,"name":"Shaded","section":"Shading Mode"},"sceneLighting":false,"audioPlay":false,"sceneViewState":{"showFog":true,"showMaterialUpdate":false,"showSkybox":false,"showFlares":true,"showImageEffects":true,"showParticleSystems":true},"in2DMode":false,"pivot":{"x":39.70477294921875,"y":-58.1533317565918,"z":79.73567962646485},"rotation":{"x":-0.395381897687912,"y":-0.008810508996248246,"z":0.0037954174913465978,"w":-0.9184750914573669},"size":125.03775024414063,"orthographic":false}