{"cameraMode":{"drawMode":0,"name":"Shaded","section":"Shading Mode"},"sceneLighting":false,"audioPlay":false,"sceneViewState":{"showFog":true,"showMaterialUpdate":false,"showSkybox":true,"showFlares":true,"showImageEffects":true,"showParticleSystems":true},"in2DMode":false,"pivot":{"x":-45.993186950683597,"y":52.40846252441406,"z":135.62901306152345},"rotation":{"x":0.4809795320034027,"y":0.0930352732539177,"z":-0.05141892656683922,"w":0.8702677488327026},"size":145.6519317626953,"orthographic":false}