{"cameraMode":{"drawMode":0,"name":"Shaded","section":"Shading Mode"},"sceneLighting":false,"audioPlay":false,"sceneViewState":{"showFog":true,"showMaterialUpdate":false,"showSkybox":false,"showFlares":true,"showImageEffects":true,"showParticleSystems":true},"in2DMode":false,"pivot":{"x":39.70477294921875,"y":-58.1533317565918,"z":79.73567962646485},"rotation":{"x":-0.44560471177101138,"y":0.022294525057077409,"z":-0.011098590679466725,"w":-0.8948922753334045},"size":125.03775024414063,"orthographic":false}