{"cameraMode":{"drawMode":0,"name":"Shaded","section":"Shading Mode"},"sceneLighting":false,"audioPlay":false,"sceneViewState":{"showFog":true,"showMaterialUpdate":false,"showSkybox":true,"showFlares":true,"showImageEffects":true,"showParticleSystems":true},"in2DMode":false,"pivot":{"x":6.901924133300781,"y":-14.509895324707032,"z":2.9100234508514406},"rotation":{"x":0.25633955001831057,"y":-0.6772212386131287,"z":0.2743438482284546,"w":0.6327730417251587},"size":75.45341491699219,"orthographic":false}