{"cameraMode":{"drawMode":0,"name":"Shaded","section":"Shading Mode"},"sceneLighting":false,"audioPlay":false,"sceneViewState":{"showFog":true,"showMaterialUpdate":false,"showSkybox":true,"showFlares":true,"showImageEffects":true,"showParticleSystems":true},"in2DMode":false,"pivot":{"x":56.02864074707031,"y":-7.95374870300293,"z":27.5726261138916},"rotation":{"x":-0.33338168263435366,"y":-0.08694299310445786,"z":0.030926823616027833,"w":-0.9382924437522888},"size":79.78137969970703,"orthographic":false}