{"cameraMode":{"drawMode":0,"name":"Shaded","section":"Shading Mode"},"sceneLighting":false,"audioPlay":false,"sceneViewState":{"showFog":true,"showMaterialUpdate":false,"showSkybox":true,"showFlares":true,"showImageEffects":true,"showParticleSystems":true},"in2DMode":false,"pivot":{"x":683.41455078125,"y":-35.68706512451172,"z":98.10382843017578},"rotation":{"x":0.24999304115772248,"y":0.0406494177877903,"z":-0.010530364699661732,"w":0.9673534631729126},"size":86.4106216430664,"orthographic":false}