{"cameraMode":{"drawMode":0,"name":"Shaded","section":"Shading Mode"},"sceneLighting":false,"audioPlay":false,"sceneViewState":{"showFog":true,"showMaterialUpdate":false,"showSkybox":true,"showFlares":true,"showImageEffects":true,"showParticleSystems":true},"in2DMode":false,"pivot":{"x":-60.523345947265628,"y":166.62901306152345,"z":56.19296646118164},"rotation":{"x":-0.1246451586484909,"y":-0.8180437684059143,"z":0.5271128416061401,"w":-0.19344237446784974},"size":10.0,"orthographic":false}