{"cameraMode":{"drawMode":0,"name":"Shaded","section":"Shading Mode"},"sceneLighting":false,"audioPlay":false,"sceneViewState":{"showFog":true,"showMaterialUpdate":false,"showSkybox":true,"showFlares":true,"showImageEffects":true,"showParticleSystems":true},"in2DMode":false,"pivot":{"x":-140.090576171875,"y":-215.1717071533203,"z":237.92697143554688},"rotation":{"x":0.32253003120422366,"y":-0.18853653967380525,"z":0.06568451225757599,"w":0.9252829551696777},"size":411.22247314453127,"orthographic":false}