{"cameraMode":{"drawMode":0,"name":"Shaded","section":"Shading Mode"},"sceneLighting":false,"audioPlay":false,"sceneViewState":{"showFog":true,"showMaterialUpdate":false,"showSkybox":true,"showFlares":true,"showImageEffects":true,"showParticleSystems":true},"in2DMode":false,"pivot":{"x":106.45527648925781,"y":-91.96507263183594,"z":295.5172119140625},"rotation":{"x":0.18361690640449525,"y":0.08686797320842743,"z":-0.016322225332260133,"w":0.9790353775024414},"size":361.1163330078125,"orthographic":false}