{"cameraMode":{"drawMode":0,"name":"Shaded","section":"Shading Mode"},"sceneLighting":false,"audioPlay":false,"sceneViewState":{"showFog":true,"showMaterialUpdate":false,"showSkybox":true,"showFlares":true,"showImageEffects":true,"showParticleSystems":true},"in2DMode":false,"pivot":{"x":335.955810546875,"y":168.47520446777345,"z":143.3302459716797},"rotation":{"x":-0.08628209680318833,"y":-0.014357859268784523,"z":0.0012993053533136845,"w":-0.9961991310119629},"size":516.444091796875,"orthographic":false}