{"cameraMode":{"drawMode":0,"name":"Shaded","section":"Shading Mode"},"sceneLighting":false,"audioPlay":false,"sceneViewState":{"showFog":true,"showMaterialUpdate":false,"showSkybox":false,"showFlares":true,"showImageEffects":true,"showParticleSystems":true},"in2DMode":false,"pivot":{"x":52.15378952026367,"y":-63.730796813964847,"z":72.9608154296875},"rotation":{"x":-0.44560471177101138,"y":0.022294525057077409,"z":-0.011098590679466725,"w":-0.8948922753334045},"size":153.7218475341797,"orthographic":false}