{"cameraMode":{"drawMode":0,"name":"Shaded","section":"Shading Mode"},"sceneLighting":false,"audioPlay":false,"sceneViewState":{"showFog":true,"showMaterialUpdate":false,"showSkybox":true,"showFlares":true,"showImageEffects":true,"showParticleSystems":true},"in2DMode":false,"pivot":{"x":-35.45983123779297,"y":57.023658752441409,"z":-20.0968017578125},"rotation":{"x":0.07409976422786713,"y":0.8769766092300415,"z":-0.4525563418865204,"w":0.14359314739704133},"size":145.6519317626953,"orthographic":false}