{"cameraMode":{"drawMode":0,"name":"Shaded","section":"Shading Mode"},"sceneLighting":false,"audioPlay":false,"sceneViewState":{"showFog":true,"showMaterialUpdate":false,"showSkybox":true,"showFlares":true,"showImageEffects":true,"showParticleSystems":true},"in2DMode":false,"pivot":{"x":-42.96923065185547,"y":169.7620849609375,"z":55.55571365356445},"rotation":{"x":-0.1450805962085724,"y":-0.8196516633033752,"z":0.5007284879684448,"w":-0.23748718202114106},"size":4.411025047302246,"orthographic":false}