{"cameraMode":{"drawMode":0,"name":"Shaded","section":"Shading Mode"},"sceneLighting":false,"audioPlay":false,"sceneViewState":{"showFog":true,"showMaterialUpdate":false,"showSkybox":false,"showFlares":true,"showImageEffects":true,"showParticleSystems":true},"in2DMode":false,"pivot":{"x":40.34442138671875,"y":6.930016040802002,"z":33.979679107666019},"rotation":{"x":0.552743136882782,"y":-0.06981046497821808,"z":0.046539224684238437,"w":0.8291191458702087},"size":54.278202056884769,"orthographic":false}