{"cameraMode":{"drawMode":0,"name":"Shaded","section":"Shading Mode"},"sceneLighting":false,"audioPlay":false,"sceneViewState":{"showFog":true,"showMaterialUpdate":false,"showSkybox":true,"showFlares":true,"showImageEffects":true,"showParticleSystems":true},"in2DMode":false,"pivot":{"x":75.50782775878906,"y":3.9633255004882814,"z":35.631771087646487},"rotation":{"x":-0.41816654801368716,"y":-0.10264037549495697,"z":0.04768655076622963,"w":-0.9013285040855408},"size":343.90643310546877,"orthographic":false}